Paper Title,Figure Number,Point ID,Variable,Value,Reynolds number (Re),Geometry,P/e,e/D,Alpha,Aspect ratio,Number of ribbed walls,Reading on
Heat Transfer and Friction in Channels With Two Opposite Rib-Roughened Walls,Fig 6,pt 1,f/f_0,0.9748073034104041,6000,Square duct,10.0,0.063,90,1.0,2,
Heat Transfer and Friction in Channels With Two Opposite Rib-Roughened Walls,Fig 6,pt 2,f/f_0,1.0325343516015686,8000,Square duct,10.0,0.063,90,1.0,2,
Heat Transfer and Friction in Channels With Two Opposite Rib-Roughened Walls,Fig 6,pt 3,f/f_0,1.0759493670886076,10000,Square duct,10.0,0.063,90,1.0,2,
Heat Transfer and Friction in Channels With Two Opposite Rib-Roughened Walls,Fig 6,pt 4,f/f_0,1.1095657332163145,12000,Square duct,10.0,0.063,90,1.0,2,
Heat Transfer and Friction in Channels With Two Opposite Rib-Roughened Walls,Fig 6,pt 5,f/f_0,1.1557121313326144,15000,Square duct,10.0,0.063,90,1.0,2,
Heat Transfer and Friction in Channels With Two Opposite Rib-Roughened Walls,Fig 6,pt 6,f/f_0,1.241893506173728,20000,Square duct,10.0,0.063,90,1.0,2,
Heat Transfer and Friction in Channels With Two Opposite Rib-Roughened Walls,Fig 6,pt 7,f/f_0,1.3330386042524793,25000,Square duct,10.0,0.063,90,1.0,2,
Heat Transfer and Friction in Channels With Two Opposite Rib-Roughened Walls,Fig 6,pt 8,f/f_0,1.3327331776734102,30000,Square duct,10.0,0.063,90,1.0,2,
Heat Transfer and Friction in Channels With Two Opposite Rib-Roughened Walls,Fig 6,pt 9,f/f_0,1.4097382029984966,40000,Square duct,10.0,0.063,90,1.0,2,
Heat Transfer and Friction in Channels With Two Opposite Rib-Roughened Walls,Fig 6,pt 10,f/f_0,1.5142772468062993,50000,Square duct,10.0,0.063,90,1.0,2,
Heat Transfer and Friction in Channels With Two Opposite Rib-Roughened Walls,Fig 6,pt 11,f/f_0,1.560131780769258,60000,Square duct,10.0,0.063,90,1.0,2,
Heat Transfer and Friction in Channels With Two Opposite Rib-Roughened Walls,Fig 6,pt 12,f/f_0,1.5956921966022581,70000,Square duct,10.0,0.063,90,1.0,2,
Heat Transfer and Friction in Channels With Two Opposite Rib-Roughened Walls,Fig 6,pt 13,f/f_0,1.6764707012969626,80000,Square duct,10.0,0.063,90,1.0,2,
Heat Transfer and Friction in Channels With Two Opposite Rib-Roughened Walls,Fig 6,pt 14,f/f_0,1.6991637669188355,90000,Square duct,10.0,0.063,90,1.0,2,
Heat Transfer and Friction in Channels With Two Opposite Rib-Roughened Walls,Fig 6,pt 15,Nu/Nu_0,2.2783862183480545,10000,Square duct,10.0,0.063,90,1.0,2,Ribbed wall
Heat Transfer and Friction in Channels With Two Opposite Rib-Roughened Walls,Fig 6,pt 16,Nu/Nu_0,1.9379180687720319,15000,Square duct,10.0,0.063,90,1.0,2,Ribbed wall
Heat Transfer and Friction in Channels With Two Opposite Rib-Roughened Walls,Fig 6,pt 17,Nu/Nu_0,2.07834763319814,20000,Square duct,10.0,0.063,90,1.0,2,Ribbed wall
Heat Transfer and Friction in Channels With Two Opposite Rib-Roughened Walls,Fig 6,pt 18,Nu/Nu_0,2.039054187497396,25000,Square duct,10.0,0.063,90,1.0,2,Ribbed wall
Heat Transfer and Friction in Channels With Two Opposite Rib-Roughened Walls,Fig 6,pt 19,Nu/Nu_0,2.0034749679457176,30000,Square duct,10.0,0.063,90,1.0,2,Ribbed wall
Heat Transfer and Friction in Channels With Two Opposite Rib-Roughened Walls,Fig 6,pt 20,Nu/Nu_0,1.910789576809745,50000,Square duct,10.0,0.063,90,1.0,2,Ribbed wall
Heat Transfer and Friction in Channels With Two Opposite Rib-Roughened Walls,Fig 6,pt 21,Nu/Nu_0,1.8538962110764583,60000,Square duct,10.0,0.063,90,1.0,2,Ribbed wall
Heat Transfer and Friction in Channels With Two Opposite Rib-Roughened Walls,Fig 6,pt 22,Nu/Nu_0,1.747119660172579,70000,Square duct,10.0,0.063,90,1.0,2,Ribbed wall
Heat Transfer and Friction in Channels With Two Opposite Rib-Roughened Walls,Fig 6,pt 23,Nu/Nu_0,1.733188023829991,90000,Square duct,10.0,0.063,90,1.0,2,Ribbed wall
Heat Transfer and Friction in Channels With Two Opposite Rib-Roughened Walls,Fig 6,pt 36,f/f_0,0.8394318151149411,7000,Square duct,10.0,,90,1.0,2,
Heat Transfer and Friction in Channels With Two Opposite Rib-Roughened Walls,Fig 6,pt 37,f/f_0,0.8227848101265821,10000,Square duct,10.0,0.042,90,1.0,2,
Heat Transfer and Friction in Channels With Two Opposite Rib-Roughened Walls,Fig 6,pt 38,f/f_0,0.8580287035651228,15000,Square duct,10.0,0.042,90,1.0,2,
Heat Transfer and Friction in Channels With Two Opposite Rib-Roughened Walls,Fig 6,pt 39,f/f_0,0.9031952772172567,20000,Square duct,10.0,0.042,90,1.0,2,
Heat Transfer and Friction in Channels With Two Opposite Rib-Roughened Walls,Fig 6,pt 40,f/f_0,0.9995498832550577,30000,Square duct,10.0,0.042,90,1.0,2,
Heat Transfer and Friction in Channels With Two Opposite Rib-Roughened Walls,Fig 6,pt 41,f/f_0,1.0517094530306246,40000,Square duct,10.0,0.042,90,1.0,2,
Heat Transfer and Friction in Channels With Two Opposite Rib-Roughened Walls,Fig 6,pt 42,f/f_0,1.0883867711420276,50000,Square duct,10.0,0.042,90,1.0,2,
Heat Transfer and Friction in Channels With Two Opposite Rib-Roughened Walls,Fig 6,pt 43,f/f_0,1.1839006619952237,70000,Square duct,10.0,0.042,90,1.0,2,
Heat Transfer and Friction in Channels With Two Opposite Rib-Roughened Walls,Fig 6,pt 44,f/f_0,1.233264024376574,90000,Square duct,10.0,0.042,90,1.0,2,
Heat Transfer and Friction in Channels With Two Opposite Rib-Roughened Walls,Fig 6,pt 45,Nu/Nu_0,2.0799207193804303,7000,Square duct,10.0,0.042,90,1.0,2,Ribbed wall
Heat Transfer and Friction in Channels With Two Opposite Rib-Roughened Walls,Fig 6,pt 46,Nu/Nu_0,1.7422953434426296,10000,Square duct,10.0,0.042,90,1.0,2,Ribbed wall
Heat Transfer and Friction in Channels With Two Opposite Rib-Roughened Walls,Fig 6,pt 47,Nu/Nu_0,1.6472303584562273,15000,Square duct,10.0,0.042,90,1.0,2,Ribbed wall
Heat Transfer and Friction in Channels With Two Opposite Rib-Roughened Walls,Fig 6,pt 48,Nu/Nu_0,1.5395167653319557,20000,Square duct,10.0,0.042,90,1.0,2,Ribbed wall
Heat Transfer and Friction in Channels With Two Opposite Rib-Roughened Walls,Fig 6,pt 49,Nu/Nu_0,1.5304322671807564,30000,Square duct,10.0,0.042,90,1.0,2,Ribbed wall
Heat Transfer and Friction in Channels With Two Opposite Rib-Roughened Walls,Fig 6,pt 50,Nu/Nu_0,1.4737003131893116,40000,Square duct,10.0,0.042,90,1.0,2,Ribbed wall
Heat Transfer and Friction in Channels With Two Opposite Rib-Roughened Walls,Fig 6,pt 51,Nu/Nu_0,1.4793209626914152,50000,Square duct,10.0,0.042,90,1.0,2,Ribbed wall
Heat Transfer and Friction in Channels With Two Opposite Rib-Roughened Walls,Fig 6,pt 52,Nu/Nu_0,1.3845099193820436,70000,Square duct,10.0,0.042,90,1.0,2,Ribbed wall
Heat Transfer and Friction in Channels With Two Opposite Rib-Roughened Walls,Fig 6,pt 53,Nu/Nu_0,1.3865504190639928,90000,Square duct,10.0,0.042,90,1.0,2,Ribbed wall
Heat Transfer and Friction in Channels With Two Opposite Rib-Roughened Walls,Fig 6,pt 63,f/f_0,0.5210266438644462,7000,Square duct,10.0,0.021,90,1.0,2,
Heat Transfer and Friction in Channels With Two Opposite Rib-Roughened Walls,Fig 6,pt 64,f/f_0,0.5379746835443038,10000,Square duct,10.0,0.021,90,1.0,2,
Heat Transfer and Friction in Channels With Two Opposite Rib-Roughened Walls,Fig 6,pt 65,f/f_0,0.5778560656663072,15000,Square duct,10.0,0.021,90,1.0,2,
Heat Transfer and Friction in Channels With Two Opposite Rib-Roughened Walls,Fig 6,pt 66,f/f_0,0.5833136165361449,20000,Square duct,10.0,0.021,90,1.0,2,
Heat Transfer and Friction in Channels With Two Opposite Rib-Roughened Walls,Fig 6,pt 67,f/f_0,0.624718677034411,30000,Square duct,10.0,0.021,90,1.0,2,
Heat Transfer and Friction in Channels With Two Opposite Rib-Roughened Walls,Fig 6,pt 68,f/f_0,0.6713039061897603,40000,Square duct,10.0,0.021,90,1.0,2,
Heat Transfer and Friction in Channels With Two Opposite Rib-Roughened Walls,Fig 6,pt 69,f/f_0,0.6861568774591044,50000,Square duct,10.0,0.021,90,1.0,2,
Heat Transfer and Friction in Channels With Two Opposite Rib-Roughened Walls,Fig 6,pt 70,f/f_0,0.7463721564752498,70000,Square duct,10.0,0.021,90,1.0,2,
Heat Transfer and Friction in Channels With Two Opposite Rib-Roughened Walls,Fig 6,pt 71,f/f_0,0.7673642818343128,90000,Square duct,10.0,0.021,90,1.0,2,
Heat Transfer and Friction in Channels With Two Opposite Rib-Roughened Walls,Fig 6,pt 72,Nu/Nu_0,1.5599405395353227,7000,Square duct,10.0,0.021,90,1.0,2,Ribbed wall
Heat Transfer and Friction in Channels With Two Opposite Rib-Roughened Walls,Fig 6,pt 73,Nu/Nu_0,1.3402271872635612,10000,Square duct,10.0,0.021,90,1.0,2,Ribbed wall
Heat Transfer and Friction in Channels With Two Opposite Rib-Roughened Walls,Fig 6,pt 74,Nu/Nu_0,1.332318672280772,15000,Square duct,10.0,0.021,90,1.0,2,Ribbed wall
Heat Transfer and Friction in Channels With Two Opposite Rib-Roughened Walls,Fig 6,pt 75,Nu/Nu_0,1.2829306377766299,20000,Square duct,10.0,0.021,90,1.0,2,Ribbed wall
Heat Transfer and Friction in Channels With Two Opposite Rib-Roughened Walls,Fig 6,pt 76,Nu/Nu_0,1.2521718549660734,30000,Square duct,10.0,0.021,90,1.0,2,Ribbed wall
Heat Transfer and Friction in Channels With Two Opposite Rib-Roughened Walls,Fig 6,pt 77,Nu/Nu_0,1.2084342568152355,40000,Square duct,10.0,0.021,90,1.0,2,Ribbed wall
Heat Transfer and Friction in Channels With Two Opposite Rib-Roughened Walls,Fig 6,pt 78,Nu/Nu_0,1.2019482821867749,50000,Square duct,10.0,0.021,90,1.0,2,Ribbed wall
Heat Transfer and Friction in Channels With Two Opposite Rib-Roughened Walls,Fig 6,pt 79,Nu/Nu_0,1.153758266151703,70000,Square duct,10.0,0.021,90,1.0,2,Ribbed wall
Heat Transfer and Friction in Channels With Two Opposite Rib-Roughened Walls,Fig 6,pt 80,Nu/Nu_0,1.143904095727794,90000,Square duct,10.0,0.021,90,1.0,2,Ribbed wall
Heat Transfer and Friction in Channels With Two Opposite Rib-Roughened Walls,Fig 7,pt 1,f/f_0,0.7182847663315259,8000,Square duct,20.0,0.063,90,1.0,2,
Heat Transfer and Friction in Channels With Two Opposite Rib-Roughened Walls,Fig 7,pt 2,f/f_0,0.7278481012658227,10000,Square duct,20.0,0.063,90,1.0,2,
Heat Transfer and Friction in Channels With Two Opposite Rib-Roughened Walls,Fig 7,pt 3,f/f_0,0.7879855440904189,15000,Square duct,20.0,0.063,90,1.0,2,
Heat Transfer and Friction in Channels With Two Opposite Rib-Roughened Walls,Fig 7,pt 4,f/f_0,0.8279290041158185,20000,Square duct,20.0,0.063,90,1.0,2,
Heat Transfer and Friction in Channels With Two Opposite Rib-Roughened Walls,Fig 7,pt 5,f/f_0,0.9579019714527636,30000,Square duct,20.0,0.063,90,1.0,2,
Heat Transfer and Friction in Channels With Two Opposite Rib-Roughened Walls,Fig 7,pt 6,f/f_0,1.0517094530306246,40000,Square duct,20.0,0.063,90,1.0,2,
Heat Transfer and Friction in Channels With Two Opposite Rib-Roughened Walls,Fig 7,pt 7,f/f_0,1.1357079351047243,50000,Square duct,20.0,0.063,90,1.0,2,
Heat Transfer and Friction in Channels With Two Opposite Rib-Roughened Walls,Fig 7,pt 8,f/f_0,1.235374603821103,70000,Square duct,20.0,0.063,90,1.0,2,
Heat Transfer and Friction in Channels With Two Opposite Rib-Roughened Walls,Fig 7,pt 9,f/f_0,1.315481626001679,90000,Square duct,20.0,0.063,90,1.0,2,
Heat Transfer and Friction in Channels With Two Opposite Rib-Roughened Walls,Fig 7,pt 10,Nu/Nu_0,1.915936135807861,6000,Square duct,20.0,0.063,90,1.0,2,Ribbed wall
Heat Transfer and Friction in Channels With Two Opposite Rib-Roughened Walls,Fig 7,pt 11,Nu/Nu_0,1.7869695830180816,10000,Square duct,20.0,0.063,90,1.0,2,Ribbed wall
Heat Transfer and Friction in Channels With Two Opposite Rib-Roughened Walls,Fig 7,pt 12,Nu/Nu_0,1.8167981894737801,15000,Square duct,20.0,0.063,90,1.0,2,Ribbed wall
Heat Transfer and Friction in Channels With Two Opposite Rib-Roughened Walls,Fig 7,pt 13,Nu/Nu_0,1.6678098291096188,20000,Square duct,20.0,0.063,90,1.0,2,Ribbed wall
Heat Transfer and Friction in Channels With Two Opposite Rib-Roughened Walls,Fig 7,pt 14,Nu/Nu_0,1.6139103908451613,30000,Square duct,20.0,0.063,90,1.0,2,Ribbed wall
Heat Transfer and Friction in Channels With Two Opposite Rib-Roughened Walls,Fig 7,pt 15,Nu/Nu_0,1.4737003131893116,40000,Square duct,20.0,0.063,90,1.0,2,Ribbed wall
Heat Transfer and Friction in Channels With Two Opposite Rib-Roughened Walls,Fig 7,pt 16,Nu/Nu_0,1.4485017759686776,50000,Square duct,20.0,0.063,90,1.0,2,Ribbed wall
Heat Transfer and Friction in Channels With Two Opposite Rib-Roughened Walls,Fig 7,pt 17,Nu/Nu_0,1.3185808756019464,70000,Square duct,20.0,0.063,90,1.0,2,Ribbed wall
Heat Transfer and Friction in Channels With Two Opposite Rib-Roughened Walls,Fig 7,pt 18,Nu/Nu_0,1.3172228981107932,90000,Square duct,20.0,0.063,90,1.0,2,Ribbed wall
Heat Transfer and Friction in Channels With Two Opposite Rib-Roughened Walls,Fig 7,pt 28,f/f_0,0.44562619584475616,6000,Square duct,40.0,0.063,90,1.0,2,
Heat Transfer and Friction in Channels With Two Opposite Rib-Roughened Walls,Fig 7,pt 29,f/f_0,0.4746835443037974,10000,Square duct,40.0,0.063,90,1.0,2,
Heat Transfer and Friction in Channels With Two Opposite Rib-Roughened Walls,Fig 7,pt 30,f/f_0,0.5078129061916034,15000,Square duct,40.0,0.063,90,1.0,2,
Heat Transfer and Friction in Channels With Two Opposite Rib-Roughened Walls,Fig 7,pt 31,f/f_0,0.5268639117100664,20000,Square duct,40.0,0.063,90,1.0,2,
Heat Transfer and Friction in Channels With Two Opposite Rib-Roughened Walls,Fig 7,pt 32,f/f_0,0.583070765232117,30000,Square duct,40.0,0.063,90,1.0,2,
Heat Transfer and Friction in Channels With Two Opposite Rib-Roughened Walls,Fig 7,pt 33,f/f_0,0.6265503124437763,40000,Square duct,40.0,0.063,90,1.0,2,
Heat Transfer and Friction in Channels With Two Opposite Rib-Roughened Walls,Fig 7,pt 34,f/f_0,0.6624962954777559,50000,Square duct,40.0,0.063,90,1.0,2,
Heat Transfer and Friction in Channels With Two Opposite Rib-Roughened Walls,Fig 7,pt 35,f/f_0,0.7206351855623102,70000,Square duct,40.0,0.063,90,1.0,2,
Heat Transfer and Friction in Channels With Two Opposite Rib-Roughened Walls,Fig 7,pt 36,f/f_0,0.7673642818343128,90000,Square duct,40.0,0.063,90,1.0,2,
Heat Transfer and Friction in Channels With Two Opposite Rib-Roughened Walls,Fig 7,pt 37,Nu/Nu_0,1.5599405395353227,7000,Square duct,40.0,0.063,90,1.0,2,Ribbed wall
Heat Transfer and Friction in Channels With Two Opposite Rib-Roughened Walls,Fig 7,pt 38,Nu/Nu_0,1.6082726247162735,10000,Square duct,40.0,0.063,90,1.0,2,Ribbed wall
Heat Transfer and Friction in Channels With Two Opposite Rib-Roughened Walls,Fig 7,pt 39,Nu/Nu_0,1.574558430877276,15000,Square duct,40.0,0.063,90,1.0,2,Ribbed wall
Heat Transfer and Friction in Channels With Two Opposite Rib-Roughened Walls,Fig 7,pt 40,Nu/Nu_0,1.4881995398208903,20000,Square duct,40.0,0.063,90,1.0,2,Ribbed wall
Heat Transfer and Friction in Channels With Two Opposite Rib-Roughened Walls,Fig 7,pt 41,Nu/Nu_0,1.4191281022948832,30000,Square duct,40.0,0.063,90,1.0,2,Ribbed wall
Heat Transfer and Friction in Channels With Two Opposite Rib-Roughened Walls,Fig 7,pt 42,Nu/Nu_0,1.3263302818703804,40000,Square duct,40.0,0.063,90,1.0,2,Ribbed wall
Heat Transfer and Friction in Channels With Two Opposite Rib-Roughened Walls,Fig 7,pt 43,Nu/Nu_0,1.2944058423549885,50000,Square duct,40.0,0.063,90,1.0,2,Ribbed wall
Heat Transfer and Friction in Channels With Two Opposite Rib-Roughened Walls,Fig 7,pt 44,Nu/Nu_0,1.1867227880417517,70000,Square duct,40.0,0.063,90,1.0,2,Ribbed wall
Heat Transfer and Friction in Channels With Two Opposite Rib-Roughened Walls,Fig 7,pt 45,Nu/Nu_0,1.178567856204394,90000,Square duct,40.0,0.063,90,1.0,2,Ribbed wall
Heat Transfer and Friction in Channels With Two Opposite Rib-Roughened Walls,Fig 10,pt 1,f/f_0,3.5802874996787217,2500,Rectangular duct,10.0,0.102,90,11.6,2,
Heat Transfer and Friction in Channels With Two Opposite Rib-Roughened Walls,Fig 10,pt 2,f/f_0,3.9814581254331807,3000,Rectangular duct,10.0,0.102,90,11.6,2,
Heat Transfer and Friction in Channels With Two Opposite Rib-Roughened Walls,Fig 10,pt 3,f/f_0,4.470588536791901,5000,Rectangular duct,10.0,0.102,90,11.6,2,
Heat Transfer and Friction in Channels With Two Opposite Rib-Roughened Walls,Fig 10,pt 4,f/f_0,4.776077568757424,7000,Rectangular duct,10.0,0.102,90,11.6,2,
Heat Transfer and Friction in Channels With Two Opposite Rib-Roughened Walls,Fig 10,pt 5,f/f_0,5.221518987341772,10000,Rectangular duct,10.0,0.102,90,11.6,2,
Heat Transfer and Friction in Channels With Two Opposite Rib-Roughened Walls,Fig 10,pt 6,f/f_0,5.603452757976313,15000,Rectangular duct,10.0,0.102,90,11.6,2,
Heat Transfer and Friction in Channels With Two Opposite Rib-Roughened Walls,Fig 10,pt 7,f/f_0,6.20946753086864,20000,Rectangular duct,10.0,0.102,90,11.6,2,
Heat Transfer and Friction in Channels With Two Opposite Rib-Roughened Walls,Fig 10,pt 8,f/f_0,2.107830772288154,3000,Rectangular duct,20.0,0.102,90,11.6,2,
Heat Transfer and Friction in Channels With Two Opposite Rib-Roughened Walls,Fig 10,pt 9,f/f_0,2.7209169179587747,7000,Rectangular duct,20.0,0.102,90,11.6,2,
Heat Transfer and Friction in Channels With Two Opposite Rib-Roughened Walls,Fig 10,pt 10,f/f_0,3.0063291139240502,10000,Rectangular duct,20.0,0.102,90,11.6,2,
Heat Transfer and Friction in Channels With Two Opposite Rib-Roughened Walls,Fig 10,pt 11,f/f_0,3.2989334391121585,18000,Rectangular duct,20.0,0.102,90,11.6,2,
Heat Transfer and Friction in Channels With Two Opposite Rib-Roughened Walls,Fig 10,pt 12,f/f_0,1.2881188052872055,3000,Rectangular duct,15.0,0.056,90,18.4,2,
Heat Transfer and Friction in Channels With Two Opposite Rib-Roughened Walls,Fig 10,pt 13,f/f_0,1.4596741224205363,4000,Rectangular duct,15.0,0.056,90,18.4,2,
Heat Transfer and Friction in Channels With Two Opposite Rib-Roughened Walls,Fig 10,pt 14,f/f_0,1.8258702931750055,7500,Rectangular duct,15.0,0.056,90,18.4,2,
Heat Transfer and Friction in Channels With Two Opposite Rib-Roughened Walls,Fig 10,pt 15,f/f_0,1.8987341772151896,10000,Rectangular duct,15.0,0.056,90,18.4,2,
Heat Transfer and Friction in Channels With Two Opposite Rib-Roughened Walls,Fig 10,pt 16,f/f_0,2.2579881930431416,20000,Rectangular duct,15.0,0.056,90,18.4,2,
Heat Transfer and Friction in Channels With Two Opposite Rib-Roughened Walls,Fig 11,pt 1,Nu/Nu_0,1.6021620260325957,8000,Square duct,10.0,0.063,90,1.0,2,
Heat Transfer and Friction in Channels With Two Opposite Rib-Roughened Walls,Fig 11,pt 2,Nu/Nu_0,1.574558430877276,15000,Square duct,10.0,0.063,90,1.0,2,
Heat Transfer and Friction in Channels With Two Opposite Rib-Roughened Walls,Fig 11,pt 3,Nu/Nu_0,1.5304322671807564,30000,Square duct,10.0,0.063,90,1.0,2,
Heat Transfer and Friction in Channels With Two Opposite Rib-Roughened Walls,Fig 11,pt 4,Nu/Nu_0,1.4793209626914152,50000,Square duct,10.0,0.063,90,1.0,2,
Heat Transfer and Friction in Channels With Two Opposite Rib-Roughened Walls,Fig 11,pt 5,Nu/Nu_0,1.4834034850521896,70000,Square duct,10.0,0.063,90,1.0,2,
Heat Transfer and Friction in Channels With Two Opposite Rib-Roughened Walls,Fig 11,pt 6,Nu/Nu_0,1.5189241455653695,10000,Square duct,10.0,0.042,90,1.0,2,
Heat Transfer and Friction in Channels With Two Opposite Rib-Roughened Walls,Fig 11,pt 7,Nu/Nu_0,1.4112237015542928,20000,Square duct,10.0,0.042,90,1.0,2,
Heat Transfer and Friction in Channels With Two Opposite Rib-Roughened Walls,Fig 11,pt 8,Nu/Nu_0,1.391302061073415,30000,Square duct,10.0,0.042,90,1.0,2,
Heat Transfer and Friction in Channels With Two Opposite Rib-Roughened Walls,Fig 11,pt 9,Nu/Nu_0,1.2944058423549885,50000,Square duct,10.0,0.042,90,1.0,2,
Heat Transfer and Friction in Channels With Two Opposite Rib-Roughened Walls,Fig 11,pt 10,Nu/Nu_0,1.3185808756019464,70000,Square duct,10.0,0.042,90,1.0,2,
Heat Transfer and Friction in Channels With Two Opposite Rib-Roughened Walls,Fig 11,pt 11,Nu/Nu_0,1.3402271872635612,10000,Square duct,10.0,0.021,90,1.0,2,
Heat Transfer and Friction in Channels With Two Opposite Rib-Roughened Walls,Fig 11,pt 12,Nu/Nu_0,1.2572720250210971,20000,Square duct,10.0,0.021,90,1.0,2,
Heat Transfer and Friction in Channels With Two Opposite Rib-Roughened Walls,Fig 11,pt 13,Nu/Nu_0,1.2521718549660734,30000,Square duct,10.0,0.021,90,1.0,2,
Heat Transfer and Friction in Channels With Two Opposite Rib-Roughened Walls,Fig 11,pt 14,Nu/Nu_0,1.2019482821867749,50000,Square duct,10.0,0.021,90,1.0,2,
Heat Transfer and Friction in Channels With Two Opposite Rib-Roughened Walls,Fig 11,pt 15,Nu/Nu_0,1.153758266151703,70000,Square duct,10.0,0.021,90,1.0,2,
Heat Transfer and Friction in Channels With Two Opposite Rib-Roughened Walls,Fig 11,pt 16,Nu/Nu_0,1.4519127862021914,10000,Square duct,20.0,0.063,90,1.0,2,
Heat Transfer and Friction in Channels With Two Opposite Rib-Roughened Walls,Fig 11,pt 17,Nu/Nu_0,1.4112237015542928,20000,Square duct,20.0,0.063,90,1.0,2,
Heat Transfer and Friction in Channels With Two Opposite Rib-Roughened Walls,Fig 11,pt 18,Nu/Nu_0,1.2944058423549885,50000,Square duct,20.0,0.063,90,1.0,2,
Heat Transfer and Friction in Channels With Two Opposite Rib-Roughened Walls,Fig 11,pt 19,Nu/Nu_0,1.2856163537118976,70000,Square duct,20.0,0.063,90,1.0,2,
Heat Transfer and Friction in Channels With Two Opposite Rib-Roughened Walls,Fig 11,pt 20,Nu/Nu_0,1.2955529476881091,10000,Square duct,40.0,0.063,90,1.0,2,
Heat Transfer and Friction in Channels With Two Opposite Rib-Roughened Walls,Fig 11,pt 21,Nu/Nu_0,1.2316134122655644,20000,Square duct,40.0,0.063,90,1.0,2,
Heat Transfer and Friction in Channels With Two Opposite Rib-Roughened Walls,Fig 11,pt 22,Nu/Nu_0,1.1711290954640372,50000,Square duct,40.0,0.063,90,1.0,2,
Heat Transfer and Friction in Channels With Two Opposite Rib-Roughened Walls,Fig 11,pt 23,Nu/Nu_0,1.153758266151703,70000,Square duct,40.0,0.063,90,1.0,2,
