Paper Title,Figure Number,Point ID,P/e_Source,e/D_Source,Alpha_Source,Geometry_Source,Aspect_Ratio_Source,Standard_Ratio,Standard_Ratio_Method,Standard_Baseline_Type,Processing_Note,Prandtl
Heat Transfer Enhancement in Channels With Turbulence Promoters,Fig 3,pt 19,metadata,metadata,metadata,unfilled,raw,1.2308954665432268,Dittus-Boelert,Raw Data,Raw Nu normalized using Dittus-Boelert,0.71
Heat Transfer Enhancement in Channels With Turbulence Promoters,Fig 3,pt 20,metadata,metadata,metadata,unfilled,raw,1.069664891243218,Dittus-Boelert,Raw Data,Raw Nu normalized using Dittus-Boelert,0.71
Heat Transfer Enhancement in Channels With Turbulence Promoters,Fig 3,pt 21,metadata,metadata,metadata,unfilled,raw,0.9936436696261567,Dittus-Boelert,Raw Data,Raw Nu normalized using Dittus-Boelert,0.71
Heat Transfer Enhancement in Channels With Turbulence Promoters,Fig 3,pt 22,metadata,metadata,metadata,unfilled,raw,1.0480278449442892,Dittus-Boelert,Raw Data,Raw Nu normalized using Dittus-Boelert,0.71
Heat Transfer Enhancement in Channels With Turbulence Promoters,Fig 3,pt 23,metadata,metadata,metadata,unfilled,raw,0.9536624456183971,Dittus-Boelert,Raw Data,Raw Nu normalized using Dittus-Boelert,0.71
Heat Transfer Enhancement in Channels With Turbulence Promoters,Fig 3,pt 24,metadata,metadata,metadata,unfilled,raw,0.9859262658660888,Dittus-Boelert,Raw Data,Raw Nu normalized using Dittus-Boelert,0.71
Heat Transfer Enhancement in Channels With Turbulence Promoters,Fig 3,pt 25,metadata,metadata,metadata,unfilled,raw,1.038942467284898,Dittus-Boelert,Raw Data,Raw Nu normalized using Dittus-Boelert,0.71
Heat Transfer Enhancement in Channels With Turbulence Promoters,Fig 3,pt 26,metadata,metadata,metadata,unfilled,raw,0.9379028103632722,Dittus-Boelert,Raw Data,Raw Nu normalized using Dittus-Boelert,0.71
Heat Transfer Enhancement in Channels With Turbulence Promoters,Fig 3,pt 27,metadata,metadata,metadata,unfilled,raw,0.8954145785023279,Dittus-Boelert,Raw Data,Raw Nu normalized using Dittus-Boelert,0.71
Heat Transfer Enhancement in Channels With Turbulence Promoters,Fig 3,pt 28,metadata,metadata,metadata,unfilled,raw,0.8344971745517072,Dittus-Boelert,Raw Data,Raw Nu normalized using Dittus-Boelert,0.71
Heat Transfer Enhancement in Channels With Turbulence Promoters,Fig 7,pt 6,raw,raw,raw,raw,raw,1.1282831169243634,Dittus-Boelert,Raw Data,Raw Nu normalized using Dittus-Boelert,0.71
Heat Transfer Enhancement in Channels With Turbulence Promoters,Fig 7,pt 7,raw,raw,raw,raw,raw,1.1880522136834484,Dittus-Boelert,Raw Data,Raw Nu normalized using Dittus-Boelert,0.71
Heat Transfer Enhancement in Channels With Turbulence Promoters,Fig 7,pt 8,raw,raw,raw,raw,raw,1.3063869118060234,Dittus-Boelert,Raw Data,Raw Nu normalized using Dittus-Boelert,0.71
Heat Transfer Enhancement in Channels With Turbulence Promoters,Fig 7,pt 9,raw,raw,raw,raw,raw,1.3890337677853666,Dittus-Boelert,Raw Data,Raw Nu normalized using Dittus-Boelert,0.71
Heat Transfer Enhancement in Channels With Turbulence Promoters,Fig 7,pt 10,raw,raw,raw,raw,raw,1.1921388207881534,Dittus-Boelert,Raw Data,Raw Nu normalized using Dittus-Boelert,0.71
Heat Transfer Enhancement in Channels With Turbulence Promoters,Fig 7,pt 16,raw,raw,raw,raw,raw,1.4291586147708601,Dittus-Boelert,Raw Data,Raw Nu normalized using Dittus-Boelert,0.71
Heat Transfer Enhancement in Channels With Turbulence Promoters,Fig 7,pt 17,raw,raw,raw,raw,raw,1.4040617070804389,Dittus-Boelert,Raw Data,Raw Nu normalized using Dittus-Boelert,0.71
Heat Transfer Enhancement in Channels With Turbulence Promoters,Fig 7,pt 18,raw,raw,raw,raw,raw,1.502344948576927,Dittus-Boelert,Raw Data,Raw Nu normalized using Dittus-Boelert,0.71
Heat Transfer Enhancement in Channels With Turbulence Promoters,Fig 7,pt 19,raw,raw,raw,raw,raw,1.475848378271952,Dittus-Boelert,Raw Data,Raw Nu normalized using Dittus-Boelert,0.71
Heat Transfer Enhancement in Channels With Turbulence Promoters,Fig 7,pt 20,raw,raw,raw,raw,raw,1.3113527028669687,Dittus-Boelert,Raw Data,Raw Nu normalized using Dittus-Boelert,0.71
Heat Transfer Enhancement in Channels With Turbulence Promoters,Fig 7,pt 26,raw,raw,raw,raw,raw,1.5043774892324844,Dittus-Boelert,Raw Data,Raw Nu normalized using Dittus-Boelert,0.71
Heat Transfer Enhancement in Channels With Turbulence Promoters,Fig 7,pt 27,raw,raw,raw,raw,raw,1.6200712004774294,Dittus-Boelert,Raw Data,Raw Nu normalized using Dittus-Boelert,0.71
Heat Transfer Enhancement in Channels With Turbulence Promoters,Fig 7,pt 28,raw,raw,raw,raw,raw,1.6983029853478304,Dittus-Boelert,Raw Data,Raw Nu normalized using Dittus-Boelert,0.71
Heat Transfer Enhancement in Channels With Turbulence Promoters,Fig 7,pt 29,raw,raw,raw,raw,raw,1.7362922097317082,Dittus-Boelert,Raw Data,Raw Nu normalized using Dittus-Boelert,0.71
Heat Transfer Enhancement in Channels With Turbulence Promoters,Fig 7,pt 30,raw,raw,raw,raw,raw,1.4901735259851916,Dittus-Boelert,Raw Data,Raw Nu normalized using Dittus-Boelert,0.71
Heat Transfer Enhancement in Channels With Turbulence Promoters,Fig 7,pt 36,raw,raw,raw,raw,raw,1.5795963636941086,Dittus-Boelert,Raw Data,Raw Nu normalized using Dittus-Boelert,0.71
Heat Transfer Enhancement in Channels With Turbulence Promoters,Fig 7,pt 37,raw,raw,raw,raw,raw,1.6848740484965266,Dittus-Boelert,Raw Data,Raw Nu normalized using Dittus-Boelert,0.71
Heat Transfer Enhancement in Channels With Turbulence Promoters,Fig 7,pt 38,raw,raw,raw,raw,raw,1.7636223309381316,Dittus-Boelert,Raw Data,Raw Nu normalized using Dittus-Boelert,0.71
Heat Transfer Enhancement in Channels With Turbulence Promoters,Fig 7,pt 39,raw,raw,raw,raw,raw,1.779699514975001,Dittus-Boelert,Raw Data,Raw Nu normalized using Dittus-Boelert,0.71
Heat Transfer Enhancement in Channels With Turbulence Promoters,Fig 7,pt 40,raw,raw,raw,raw,raw,1.5497804670245992,Dittus-Boelert,Raw Data,Raw Nu normalized using Dittus-Boelert,0.71
Heat Transfer Enhancement in Channels With Turbulence Promoters,Fig 7,pt 46,raw,raw,raw,raw,raw,1.692424675386545,Dittus-Boelert,Raw Data,Raw Nu normalized using Dittus-Boelert,0.71
Heat Transfer Enhancement in Channels With Turbulence Promoters,Fig 7,pt 47,raw,raw,raw,raw,raw,1.7280759471759248,Dittus-Boelert,Raw Data,Raw Nu normalized using Dittus-Boelert,0.71
Heat Transfer Enhancement in Channels With Turbulence Promoters,Fig 7,pt 48,raw,raw,raw,raw,raw,1.567664294167228,Dittus-Boelert,Raw Data,Raw Nu normalized using Dittus-Boelert,0.71
Heat Transfer Enhancement in Channels With Turbulence Promoters,Fig 7,pt 49,raw,raw,raw,raw,raw,1.475848378271952,Dittus-Boelert,Raw Data,Raw Nu normalized using Dittus-Boelert,0.71
Heat Transfer Enhancement in Channels With Turbulence Promoters,Fig 7,pt 50,raw,raw,raw,raw,raw,1.4305665849457838,Dittus-Boelert,Raw Data,Raw Nu normalized using Dittus-Boelert,0.71
Heat Transfer Enhancement in Channels With Turbulence Promoters,Fig 8,pt 6,raw,raw,raw,raw,raw,1.1282831169243634,Dittus-Boelert,Raw Data,Raw Nu normalized using Dittus-Boelert,0.71
Heat Transfer Enhancement in Channels With Turbulence Promoters,Fig 8,pt 7,raw,raw,raw,raw,raw,1.080047466984953,Dittus-Boelert,Raw Data,Raw Nu normalized using Dittus-Boelert,0.71
Heat Transfer Enhancement in Channels With Turbulence Promoters,Fig 8,pt 8,raw,raw,raw,raw,raw,1.2410675662157222,Dittus-Boelert,Raw Data,Raw Nu normalized using Dittus-Boelert,0.71
Heat Transfer Enhancement in Channels With Turbulence Promoters,Fig 8,pt 9,raw,raw,raw,raw,raw,1.171997241568903,Dittus-Boelert,Raw Data,Raw Nu normalized using Dittus-Boelert,0.71
Heat Transfer Enhancement in Channels With Turbulence Promoters,Fig 8,pt 10,raw,raw,raw,raw,raw,0.9537110566305226,Dittus-Boelert,Raw Data,Raw Nu normalized using Dittus-Boelert,0.71
Heat Transfer Enhancement in Channels With Turbulence Promoters,Fig 8,pt 16,raw,raw,raw,raw,raw,1.0530642424627392,Dittus-Boelert,Raw Data,Raw Nu normalized using Dittus-Boelert,0.71
Heat Transfer Enhancement in Channels With Turbulence Promoters,Fig 8,pt 17,raw,raw,raw,raw,raw,1.1880522136834484,Dittus-Boelert,Raw Data,Raw Nu normalized using Dittus-Boelert,0.71
Heat Transfer Enhancement in Channels With Turbulence Promoters,Fig 8,pt 18,raw,raw,raw,raw,raw,1.3063869118060234,Dittus-Boelert,Raw Data,Raw Nu normalized using Dittus-Boelert,0.71
Heat Transfer Enhancement in Channels With Turbulence Promoters,Fig 8,pt 19,raw,raw,raw,raw,raw,1.2588118520554885,Dittus-Boelert,Raw Data,Raw Nu normalized using Dittus-Boelert,0.71
Heat Transfer Enhancement in Channels With Turbulence Promoters,Fig 8,pt 20,raw,raw,raw,raw,raw,1.1921388207881534,Dittus-Boelert,Raw Data,Raw Nu normalized using Dittus-Boelert,0.71
Heat Transfer Enhancement in Channels With Turbulence Promoters,Fig 8,pt 26,raw,raw,raw,raw,raw,1.1658925541551755,Dittus-Boelert,Raw Data,Raw Nu normalized using Dittus-Boelert,0.71
Heat Transfer Enhancement in Channels With Turbulence Promoters,Fig 8,pt 27,raw,raw,raw,raw,raw,1.2528550617025453,Dittus-Boelert,Raw Data,Raw Nu normalized using Dittus-Boelert,0.71
Heat Transfer Enhancement in Channels With Turbulence Promoters,Fig 8,pt 28,raw,raw,raw,raw,raw,1.3717062573963246,Dittus-Boelert,Raw Data,Raw Nu normalized using Dittus-Boelert,0.71
Heat Transfer Enhancement in Channels With Turbulence Promoters,Fig 8,pt 29,raw,raw,raw,raw,raw,1.345626462542074,Dittus-Boelert,Raw Data,Raw Nu normalized using Dittus-Boelert,0.71
Heat Transfer Enhancement in Channels With Turbulence Promoters,Fig 8,pt 30,raw,raw,raw,raw,raw,1.251745761827561,Dittus-Boelert,Raw Data,Raw Nu normalized using Dittus-Boelert,0.71
Heat Transfer Enhancement in Channels With Turbulence Promoters,Fig 8,pt 36,raw,raw,raw,raw,raw,1.692424675386545,Dittus-Boelert,Raw Data,Raw Nu normalized using Dittus-Boelert,0.71
Heat Transfer Enhancement in Channels With Turbulence Promoters,Fig 8,pt 37,raw,raw,raw,raw,raw,1.5120664537789341,Dittus-Boelert,Raw Data,Raw Nu normalized using Dittus-Boelert,0.71
Heat Transfer Enhancement in Channels With Turbulence Promoters,Fig 8,pt 38,raw,raw,raw,raw,raw,1.4370256029866257,Dittus-Boelert,Raw Data,Raw Nu normalized using Dittus-Boelert,0.71
Heat Transfer Enhancement in Channels With Turbulence Promoters,Fig 8,pt 39,raw,raw,raw,raw,raw,1.2588118520554885,Dittus-Boelert,Raw Data,Raw Nu normalized using Dittus-Boelert,0.71
Heat Transfer Enhancement in Channels With Turbulence Promoters,Fig 8,pt 40,raw,raw,raw,raw,raw,1.1921388207881534,Dittus-Boelert,Raw Data,Raw Nu normalized using Dittus-Boelert,0.71
Heat Transfer Enhancement in Channels With Turbulence Promoters,Fig 7,pt 1,raw,raw,raw,raw,raw,2.256566233848727,Dittus-Boelert,Raw Data,Raw Nu normalized using Dittus-Boelert,0.71
Heat Transfer Enhancement in Channels With Turbulence Promoters,Fig 7,pt 2,raw,raw,raw,raw,raw,2.3761044273668968,Dittus-Boelert,Raw Data,Raw Nu normalized using Dittus-Boelert,0.71
Heat Transfer Enhancement in Channels With Turbulence Promoters,Fig 7,pt 3,raw,raw,raw,raw,raw,2.2208577500702398,Dittus-Boelert,Raw Data,Raw Nu normalized using Dittus-Boelert,0.71
Heat Transfer Enhancement in Channels With Turbulence Promoters,Fig 7,pt 4,raw,raw,raw,raw,raw,1.9967360411914645,Dittus-Boelert,Raw Data,Raw Nu normalized using Dittus-Boelert,0.71
Heat Transfer Enhancement in Channels With Turbulence Promoters,Fig 7,pt 5,raw,raw,raw,raw,raw,1.7882082311822298,Dittus-Boelert,Raw Data,Raw Nu normalized using Dittus-Boelert,0.71
Heat Transfer Enhancement in Channels With Turbulence Promoters,Fig 7,pt 11,raw,raw,raw,raw,raw,2.632660606156848,Dittus-Boelert,Raw Data,Raw Nu normalized using Dittus-Boelert,0.71
Heat Transfer Enhancement in Channels With Turbulence Promoters,Fig 7,pt 12,raw,raw,raw,raw,raw,2.7001186674623825,Dittus-Boelert,Raw Data,Raw Nu normalized using Dittus-Boelert,0.71
Heat Transfer Enhancement in Channels With Turbulence Promoters,Fig 7,pt 13,raw,raw,raw,raw,raw,2.612773823612047,Dittus-Boelert,Raw Data,Raw Nu normalized using Dittus-Boelert,0.71
Heat Transfer Enhancement in Channels With Turbulence Promoters,Fig 7,pt 14,raw,raw,raw,raw,raw,2.4308090936243913,Dittus-Boelert,Raw Data,Raw Nu normalized using Dittus-Boelert,0.71
Heat Transfer Enhancement in Channels With Turbulence Promoters,Fig 7,pt 15,raw,raw,raw,raw,raw,2.0862429363792683,Dittus-Boelert,Raw Data,Raw Nu normalized using Dittus-Boelert,0.71
Heat Transfer Enhancement in Channels With Turbulence Promoters,Fig 7,pt 21,raw,raw,raw,raw,raw,3.0087549784649688,Dittus-Boelert,Raw Data,Raw Nu normalized using Dittus-Boelert,0.71
Heat Transfer Enhancement in Channels With Turbulence Promoters,Fig 7,pt 22,raw,raw,raw,raw,raw,3.0241329075578682,Dittus-Boelert,Raw Data,Raw Nu normalized using Dittus-Boelert,0.71
Heat Transfer Enhancement in Channels With Turbulence Promoters,Fig 7,pt 23,raw,raw,raw,raw,raw,3.2659672795150585,Dittus-Boelert,Raw Data,Raw Nu normalized using Dittus-Boelert,0.71
Heat Transfer Enhancement in Channels With Turbulence Promoters,Fig 7,pt 24,raw,raw,raw,raw,raw,2.778067535570733,Dittus-Boelert,Raw Data,Raw Nu normalized using Dittus-Boelert,0.71
Heat Transfer Enhancement in Channels With Turbulence Promoters,Fig 7,pt 25,raw,raw,raw,raw,raw,2.3842776415763067,Dittus-Boelert,Raw Data,Raw Nu normalized using Dittus-Boelert,0.71
Heat Transfer Enhancement in Channels With Turbulence Promoters,Fig 7,pt 31,raw,raw,raw,raw,raw,3.0087549784649688,Dittus-Boelert,Raw Data,Raw Nu normalized using Dittus-Boelert,0.71
Heat Transfer Enhancement in Channels With Turbulence Promoters,Fig 7,pt 32,raw,raw,raw,raw,raw,3.1321376542563635,Dittus-Boelert,Raw Data,Raw Nu normalized using Dittus-Boelert,0.71
Heat Transfer Enhancement in Channels With Turbulence Promoters,Fig 7,pt 33,raw,raw,raw,raw,raw,3.33128662510536,Dittus-Boelert,Raw Data,Raw Nu normalized using Dittus-Boelert,0.71
Heat Transfer Enhancement in Channels With Turbulence Promoters,Fig 7,pt 34,raw,raw,raw,raw,raw,2.951696756543904,Dittus-Boelert,Raw Data,Raw Nu normalized using Dittus-Boelert,0.71
Heat Transfer Enhancement in Channels With Turbulence Promoters,Fig 7,pt 35,raw,raw,raw,raw,raw,2.503491523655122,Dittus-Boelert,Raw Data,Raw Nu normalized using Dittus-Boelert,0.71
Heat Transfer Enhancement in Channels With Turbulence Promoters,Fig 7,pt 41,raw,raw,raw,raw,raw,3.1968021646190294,Dittus-Boelert,Raw Data,Raw Nu normalized using Dittus-Boelert,0.71
Heat Transfer Enhancement in Channels With Turbulence Promoters,Fig 7,pt 42,raw,raw,raw,raw,raw,2.916128160859373,Dittus-Boelert,Raw Data,Raw Nu normalized using Dittus-Boelert,0.71
Heat Transfer Enhancement in Channels With Turbulence Promoters,Fig 7,pt 43,raw,raw,raw,raw,raw,2.743412514792649,Dittus-Boelert,Raw Data,Raw Nu normalized using Dittus-Boelert,0.71
Heat Transfer Enhancement in Channels With Turbulence Promoters,Fig 7,pt 44,raw,raw,raw,raw,raw,2.3005871778945135,Dittus-Boelert,Raw Data,Raw Nu normalized using Dittus-Boelert,0.71
Heat Transfer Enhancement in Channels With Turbulence Promoters,Fig 7,pt 45,raw,raw,raw,raw,raw,1.9074221132610452,Dittus-Boelert,Raw Data,Raw Nu normalized using Dittus-Boelert,0.71
Heat Transfer Enhancement in Channels With Turbulence Promoters,Fig 8,pt 1,raw,raw,raw,raw,raw,1.8804718615406055,Dittus-Boelert,Raw Data,Raw Nu normalized using Dittus-Boelert,0.71
Heat Transfer Enhancement in Channels With Turbulence Promoters,Fig 8,pt 2,raw,raw,raw,raw,raw,1.9440854405729153,Dittus-Boelert,Raw Data,Raw Nu normalized using Dittus-Boelert,0.71
Heat Transfer Enhancement in Channels With Turbulence Promoters,Fig 8,pt 3,raw,raw,raw,raw,raw,1.894261022118734,Dittus-Boelert,Raw Data,Raw Nu normalized using Dittus-Boelert,0.71
Heat Transfer Enhancement in Channels With Turbulence Promoters,Fig 8,pt 4,raw,raw,raw,raw,raw,1.7362922097317082,Dittus-Boelert,Raw Data,Raw Nu normalized using Dittus-Boelert,0.71
Heat Transfer Enhancement in Channels With Turbulence Promoters,Fig 8,pt 5,raw,raw,raw,raw,raw,1.4901735259851916,Dittus-Boelert,Raw Data,Raw Nu normalized using Dittus-Boelert,0.71
Heat Transfer Enhancement in Channels With Turbulence Promoters,Fig 8,pt 11,raw,raw,raw,raw,raw,1.9556907360022298,Dittus-Boelert,Raw Data,Raw Nu normalized using Dittus-Boelert,0.71
Heat Transfer Enhancement in Channels With Turbulence Promoters,Fig 8,pt 12,raw,raw,raw,raw,raw,2.0520901872714106,Dittus-Boelert,Raw Data,Raw Nu normalized using Dittus-Boelert,0.71
Heat Transfer Enhancement in Channels With Turbulence Promoters,Fig 8,pt 13,raw,raw,raw,raw,raw,2.0902190588896374,Dittus-Boelert,Raw Data,Raw Nu normalized using Dittus-Boelert,0.71
Heat Transfer Enhancement in Channels With Turbulence Promoters,Fig 8,pt 14,raw,raw,raw,raw,raw,1.9967360411914645,Dittus-Boelert,Raw Data,Raw Nu normalized using Dittus-Boelert,0.71
Heat Transfer Enhancement in Channels With Turbulence Promoters,Fig 8,pt 15,raw,raw,raw,raw,raw,1.9074221132610452,Dittus-Boelert,Raw Data,Raw Nu normalized using Dittus-Boelert,0.71
Heat Transfer Enhancement in Channels With Turbulence Promoters,Fig 8,pt 21,raw,raw,raw,raw,raw,2.444613420002787,Dittus-Boelert,Raw Data,Raw Nu normalized using Dittus-Boelert,0.71
Heat Transfer Enhancement in Channels With Turbulence Promoters,Fig 8,pt 22,raw,raw,raw,raw,raw,2.484109174065392,Dittus-Boelert,Raw Data,Raw Nu normalized using Dittus-Boelert,0.71
Heat Transfer Enhancement in Channels With Turbulence Promoters,Fig 8,pt 23,raw,raw,raw,raw,raw,2.4168157868411435,Dittus-Boelert,Raw Data,Raw Nu normalized using Dittus-Boelert,0.71
Heat Transfer Enhancement in Channels With Turbulence Promoters,Fig 8,pt 24,raw,raw,raw,raw,raw,2.257179872651221,Dittus-Boelert,Raw Data,Raw Nu normalized using Dittus-Boelert,0.71
Heat Transfer Enhancement in Channels With Turbulence Promoters,Fig 8,pt 25,raw,raw,raw,raw,raw,1.9074221132610452,Dittus-Boelert,Raw Data,Raw Nu normalized using Dittus-Boelert,0.71
Heat Transfer Enhancement in Channels With Turbulence Promoters,Fig 8,pt 31,raw,raw,raw,raw,raw,2.632660606156848,Dittus-Boelert,Raw Data,Raw Nu normalized using Dittus-Boelert,0.71
Heat Transfer Enhancement in Channels With Turbulence Promoters,Fig 8,pt 32,raw,raw,raw,raw,raw,2.3761044273668968,Dittus-Boelert,Raw Data,Raw Nu normalized using Dittus-Boelert,0.71
Heat Transfer Enhancement in Channels With Turbulence Promoters,Fig 8,pt 33,raw,raw,raw,raw,raw,2.155538404479939,Dittus-Boelert,Raw Data,Raw Nu normalized using Dittus-Boelert,0.71
Heat Transfer Enhancement in Channels With Turbulence Promoters,Fig 8,pt 34,raw,raw,raw,raw,raw,1.9533287359481717,Dittus-Boelert,Raw Data,Raw Nu normalized using Dittus-Boelert,0.71
Heat Transfer Enhancement in Channels With Turbulence Promoters,Fig 8,pt 35,raw,raw,raw,raw,raw,1.6689943491034145,Dittus-Boelert,Raw Data,Raw Nu normalized using Dittus-Boelert,0.71
Heat Transfer Enhancement in Channels With Turbulence Promoters,Fig 3,pt 1,metadata,metadata,metadata,unfilled,raw,0.19774662440611054,Blasius,Raw Data,Raw f normalized using Blasius,0.71
Heat Transfer Enhancement in Channels With Turbulence Promoters,Fig 3,pt 2,metadata,metadata,metadata,unfilled,raw,0.19606060898992891,Blasius,Raw Data,Raw f normalized using Blasius,0.71
Heat Transfer Enhancement in Channels With Turbulence Promoters,Fig 3,pt 3,metadata,metadata,metadata,unfilled,raw,0.21709443494351924,Blasius,Raw Data,Raw f normalized using Blasius,0.71
Heat Transfer Enhancement in Channels With Turbulence Promoters,Fig 3,pt 4,metadata,metadata,metadata,unfilled,raw,0.22037889511943756,Blasius,Raw Data,Raw f normalized using Blasius,0.71
Heat Transfer Enhancement in Channels With Turbulence Promoters,Fig 3,pt 5,metadata,metadata,metadata,unfilled,raw,0.2237475471073513,Blasius,Raw Data,Raw f normalized using Blasius,0.71
Heat Transfer Enhancement in Channels With Turbulence Promoters,Fig 3,pt 6,metadata,metadata,metadata,unfilled,raw,0.24164890018772847,Blasius,Raw Data,Raw f normalized using Blasius,0.71
Heat Transfer Enhancement in Channels With Turbulence Promoters,Fig 3,pt 7,metadata,metadata,metadata,unfilled,raw,0.23332544661445795,Blasius,Raw Data,Raw f normalized using Blasius,0.71
Heat Transfer Enhancement in Channels With Turbulence Promoters,Fig 3,pt 8,metadata,metadata,metadata,unfilled,raw,0.24155788845330559,Blasius,Raw Data,Raw f normalized using Blasius,0.71
Heat Transfer Enhancement in Channels With Turbulence Promoters,Fig 3,pt 9,metadata,metadata,metadata,unfilled,raw,0.2423918176980168,Blasius,Raw Data,Raw f normalized using Blasius,0.71
Heat Transfer Enhancement in Channels With Turbulence Promoters,Fig 3,pt 10,metadata,metadata,metadata,unfilled,raw,0.24166940622831373,Blasius,Raw Data,Raw f normalized using Blasius,0.71
Heat Transfer Enhancement in Channels With Turbulence Promoters,Fig 3,pt 11,metadata,metadata,metadata,unfilled,raw,0.2488913513183114,Blasius,Raw Data,Raw f normalized using Blasius,0.71
Heat Transfer Enhancement in Channels With Turbulence Promoters,Fig 3,pt 12,metadata,metadata,metadata,unfilled,raw,0.23660581981348425,Blasius,Raw Data,Raw f normalized using Blasius,0.71
Heat Transfer Enhancement in Channels With Turbulence Promoters,Fig 3,pt 13,metadata,metadata,metadata,unfilled,raw,0.23261880862851536,Blasius,Raw Data,Raw f normalized using Blasius,0.71
Heat Transfer Enhancement in Channels With Turbulence Promoters,Fig 3,pt 14,metadata,metadata,metadata,unfilled,raw,0.24268716589744013,Blasius,Raw Data,Raw f normalized using Blasius,0.71
Heat Transfer Enhancement in Channels With Turbulence Promoters,Fig 3,pt 15,metadata,metadata,metadata,unfilled,raw,0.2419275265816327,Blasius,Raw Data,Raw f normalized using Blasius,0.71
Heat Transfer Enhancement in Channels With Turbulence Promoters,Fig 3,pt 16,metadata,metadata,metadata,unfilled,raw,0.2356626445951096,Blasius,Raw Data,Raw f normalized using Blasius,0.71
Heat Transfer Enhancement in Channels With Turbulence Promoters,Fig 3,pt 17,metadata,metadata,metadata,unfilled,raw,0.2448179436814612,Blasius,Raw Data,Raw f normalized using Blasius,0.71
Heat Transfer Enhancement in Channels With Turbulence Promoters,Fig 3,pt 18,metadata,metadata,metadata,unfilled,raw,0.24117163143364118,Blasius,Raw Data,Raw f normalized using Blasius,0.71
Heat Transfer Enhancement in Channels With Turbulence Promoters,Fig 4,pt 1,raw,raw,raw,raw,raw,1.1075949367088607,Blasius,Raw Data,Raw f normalized using Blasius,0.71
Heat Transfer Enhancement in Channels With Turbulence Promoters,Fig 4,pt 2,raw,raw,raw,raw,raw,1.1907337110699665,Blasius,Raw Data,Raw f normalized using Blasius,0.71
Heat Transfer Enhancement in Channels With Turbulence Promoters,Fig 4,pt 3,raw,raw,raw,raw,raw,1.241893506173728,Blasius,Raw Data,Raw f normalized using Blasius,0.71
Heat Transfer Enhancement in Channels With Turbulence Promoters,Fig 4,pt 4,raw,raw,raw,raw,raw,1.3327331776734102,Blasius,Raw Data,Raw f normalized using Blasius,0.71
Heat Transfer Enhancement in Channels With Turbulence Promoters,Fig 4,pt 5,raw,raw,raw,raw,raw,1.3873614061255046,Blasius,Raw Data,Raw f normalized using Blasius,0.71
Heat Transfer Enhancement in Channels With Turbulence Promoters,Fig 4,pt 6,raw,raw,raw,raw,raw,1.4669560828436023,Blasius,Raw Data,Raw f normalized using Blasius,0.71
Heat Transfer Enhancement in Channels With Turbulence Promoters,Fig 4,pt 7,raw,raw,raw,raw,raw,1.5353677842491111,Blasius,Raw Data,Raw f normalized using Blasius,0.71
Heat Transfer Enhancement in Channels With Turbulence Promoters,Fig 4,pt 8,raw,raw,raw,raw,raw,1.5956921966022581,Blasius,Raw Data,Raw f normalized using Blasius,0.71
Heat Transfer Enhancement in Channels With Turbulence Promoters,Fig 4,pt 9,raw,raw,raw,raw,raw,1.6498600552446299,Blasius,Raw Data,Raw f normalized using Blasius,0.71
Heat Transfer Enhancement in Channels With Turbulence Promoters,Fig 4,pt 10,raw,raw,raw,raw,raw,1.6991637669188355,Blasius,Raw Data,Raw f normalized using Blasius,0.71
Heat Transfer Enhancement in Channels With Turbulence Promoters,Fig 4,pt 11,raw,raw,raw,raw,raw,1.4242187023373587,Blasius,Raw Data,Raw f normalized using Blasius,0.71
Heat Transfer Enhancement in Channels With Turbulence Promoters,Fig 4,pt 12,raw,raw,raw,raw,raw,1.7311242813330752,Blasius,Raw Data,Raw f normalized using Blasius,0.71
Heat Transfer Enhancement in Channels With Turbulence Promoters,Fig 4,pt 13,raw,raw,raw,raw,raw,1.874156031103233,Blasius,Raw Data,Raw f normalized using Blasius,0.71
Heat Transfer Enhancement in Channels With Turbulence Promoters,Fig 4,pt 14,raw,raw,raw,raw,raw,1.9691581248232968,Blasius,Raw Data,Raw f normalized using Blasius,0.71
Heat Transfer Enhancement in Channels With Turbulence Promoters,Fig 4,pt 15,raw,raw,raw,raw,raw,2.1294523783213584,Blasius,Raw Data,Raw f normalized using Blasius,0.71
Heat Transfer Enhancement in Channels With Turbulence Promoters,Fig 4,pt 16,raw,raw,raw,raw,raw,2.2287596868132256,Blasius,Raw Data,Raw f normalized using Blasius,0.71
Heat Transfer Enhancement in Channels With Turbulence Promoters,Fig 4,pt 17,raw,raw,raw,raw,raw,2.3678013239904474,Blasius,Raw Data,Raw f normalized using Blasius,0.71
Heat Transfer Enhancement in Channels With Turbulence Promoters,Fig 4,pt 18,raw,raw,raw,raw,raw,2.3949581447099466,Blasius,Raw Data,Raw f normalized using Blasius,0.71
Heat Transfer Enhancement in Channels With Turbulence Promoters,Fig 4,pt 19,raw,raw,raw,raw,raw,2.5213397831698847,Blasius,Raw Data,Raw f normalized using Blasius,0.71
Heat Transfer Enhancement in Channels With Turbulence Promoters,Fig 4,pt 20,raw,raw,raw,raw,raw,1.5630799315933386,Blasius,Raw Data,Raw f normalized using Blasius,0.71
Heat Transfer Enhancement in Channels With Turbulence Promoters,Fig 4,pt 21,raw,raw,raw,raw,raw,1.6219594517049734,Blasius,Raw Data,Raw f normalized using Blasius,0.71
Heat Transfer Enhancement in Channels With Turbulence Promoters,Fig 4,pt 22,raw,raw,raw,raw,raw,1.7687574178837941,Blasius,Raw Data,Raw f normalized using Blasius,0.71
Heat Transfer Enhancement in Channels With Turbulence Promoters,Fig 4,pt 23,raw,raw,raw,raw,raw,1.9158039429055271,Blasius,Raw Data,Raw f normalized using Blasius,0.71
Heat Transfer Enhancement in Channels With Turbulence Promoters,Fig 4,pt 24,raw,raw,raw,raw,raw,2.058665312315265,Blasius,Raw Data,Raw f normalized using Blasius,0.71
Heat Transfer Enhancement in Channels With Turbulence Promoters,Fig 4,pt 25,raw,raw,raw,raw,raw,2.1294523783213584,Blasius,Raw Data,Raw f normalized using Blasius,0.71
Heat Transfer Enhancement in Channels With Turbulence Promoters,Fig 4,pt 26,raw,raw,raw,raw,raw,2.2287596868132256,Blasius,Raw Data,Raw f normalized using Blasius,0.71
Heat Transfer Enhancement in Channels With Turbulence Promoters,Fig 4,pt 27,raw,raw,raw,raw,raw,2.3163273821645682,Blasius,Raw Data,Raw f normalized using Blasius,0.71
Heat Transfer Enhancement in Channels With Turbulence Promoters,Fig 4,pt 28,raw,raw,raw,raw,raw,2.3949581447099466,Blasius,Raw Data,Raw f normalized using Blasius,0.71
Heat Transfer Enhancement in Channels With Turbulence Promoters,Fig 4,pt 29,raw,raw,raw,raw,raw,1.077427149497289,Blasius,Raw Data,Raw f normalized using Blasius,0.71
Heat Transfer Enhancement in Channels With Turbulence Promoters,Fig 4,pt 30,raw,raw,raw,raw,raw,1.1703717848692223,Blasius,Raw Data,Raw f normalized using Blasius,0.71
Heat Transfer Enhancement in Channels With Turbulence Promoters,Fig 4,pt 31,raw,raw,raw,raw,raw,1.2042603696230088,Blasius,Raw Data,Raw f normalized using Blasius,0.71
Heat Transfer Enhancement in Channels With Turbulence Promoters,Fig 4,pt 32,raw,raw,raw,raw,raw,1.249437354068822,Blasius,Raw Data,Raw f normalized using Blasius,0.71
Heat Transfer Enhancement in Channels With Turbulence Promoters,Fig 4,pt 33,raw,raw,raw,raw,raw,1.3426078123795206,Blasius,Raw Data,Raw f normalized using Blasius,0.71
Heat Transfer Enhancement in Channels With Turbulence Promoters,Fig 4,pt 34,raw,raw,raw,raw,raw,1.4196349188809054,Blasius,Raw Data,Raw f normalized using Blasius,0.71
Heat Transfer Enhancement in Channels With Turbulence Promoters,Fig 4,pt 35,raw,raw,raw,raw,raw,1.5353677842491111,Blasius,Raw Data,Raw f normalized using Blasius,0.71
Heat Transfer Enhancement in Channels With Turbulence Promoters,Fig 4,pt 36,raw,raw,raw,raw,raw,1.5442182547763788,Blasius,Raw Data,Raw f normalized using Blasius,0.71
Heat Transfer Enhancement in Channels With Turbulence Promoters,Fig 4,pt 37,raw,raw,raw,raw,raw,1.5966387631399643,Blasius,Raw Data,Raw f normalized using Blasius,0.71
Heat Transfer Enhancement in Channels With Turbulence Promoters,Fig 4,pt 38,raw,raw,raw,raw,raw,0.8679274259839272,Blasius,Raw Data,Raw f normalized using Blasius,0.71
Heat Transfer Enhancement in Channels With Turbulence Promoters,Fig 4,pt 39,raw,raw,raw,raw,raw,0.8280341292659064,Blasius,Raw Data,Raw f normalized using Blasius,0.71
Heat Transfer Enhancement in Channels With Turbulence Promoters,Fig 4,pt 40,raw,raw,raw,raw,raw,0.8279290041158185,Blasius,Raw Data,Raw f normalized using Blasius,0.71
Heat Transfer Enhancement in Channels With Turbulence Promoters,Fig 4,pt 41,raw,raw,raw,raw,raw,0.8329582360458814,Blasius,Raw Data,Raw f normalized using Blasius,0.71
Heat Transfer Enhancement in Channels With Turbulence Promoters,Fig 4,pt 42,raw,raw,raw,raw,raw,0.8055646874277124,Blasius,Raw Data,Raw f normalized using Blasius,0.71
Heat Transfer Enhancement in Channels With Turbulence Promoters,Fig 4,pt 43,raw,raw,raw,raw,raw,0.8044597873658466,Blasius,Raw Data,Raw f normalized using Blasius,0.71
Heat Transfer Enhancement in Channels With Turbulence Promoters,Fig 4,pt 44,raw,raw,raw,raw,raw,0.7924478886447025,Blasius,Raw Data,Raw f normalized using Blasius,0.71
Heat Transfer Enhancement in Channels With Turbulence Promoters,Fig 4,pt 45,raw,raw,raw,raw,raw,0.8235830692140688,Blasius,Raw Data,Raw f normalized using Blasius,0.71
Heat Transfer Enhancement in Channels With Turbulence Promoters,Fig 4,pt 46,raw,raw,raw,raw,raw,0.8515406736746477,Blasius,Raw Data,Raw f normalized using Blasius,0.71
Heat Transfer Enhancement in Channels With Turbulence Promoters,Fig 4,pt 47,raw,raw,raw,raw,raw,0.8221760162510494,Blasius,Raw Data,Raw f normalized using Blasius,0.71
Heat Transfer Enhancement in Channels With Turbulence Promoters,Fig 4,pt 48,raw,raw,raw,raw,raw,0.607864417841854,Blasius,Raw Data,Raw f normalized using Blasius,0.71
Heat Transfer Enhancement in Channels With Turbulence Promoters,Fig 4,pt 49,raw,raw,raw,raw,raw,0.60126582278481,Blasius,Raw Data,Raw f normalized using Blasius,0.71
Heat Transfer Enhancement in Channels With Turbulence Promoters,Fig 4,pt 50,raw,raw,raw,raw,raw,0.5253236960602793,Blasius,Raw Data,Raw f normalized using Blasius,0.71
Heat Transfer Enhancement in Channels With Turbulence Promoters,Fig 4,pt 51,raw,raw,raw,raw,raw,0.5268639117100664,Blasius,Raw Data,Raw f normalized using Blasius,0.71
Heat Transfer Enhancement in Channels With Turbulence Promoters,Fig 4,pt 52,raw,raw,raw,raw,raw,0.5414228534298229,Blasius,Raw Data,Raw f normalized using Blasius,0.71
Heat Transfer Enhancement in Channels With Turbulence Promoters,Fig 4,pt 53,raw,raw,raw,raw,raw,0.5370431249518083,Blasius,Raw Data,Raw f normalized using Blasius,0.71
Heat Transfer Enhancement in Channels With Turbulence Promoters,Fig 4,pt 54,raw,raw,raw,raw,raw,0.5205328035896654,Blasius,Raw Data,Raw f normalized using Blasius,0.71
Heat Transfer Enhancement in Channels With Turbulence Promoters,Fig 4,pt 55,raw,raw,raw,raw,raw,0.5448079234432329,Blasius,Raw Data,Raw f normalized using Blasius,0.71
Heat Transfer Enhancement in Channels With Turbulence Promoters,Fig 4,pt 56,raw,raw,raw,raw,raw,0.5662133600846723,Blasius,Raw Data,Raw f normalized using Blasius,0.71
Heat Transfer Enhancement in Channels With Turbulence Promoters,Fig 4,pt 57,raw,raw,raw,raw,raw,0.5322129210466549,Blasius,Raw Data,Raw f normalized using Blasius,0.71
Heat Transfer Enhancement in Channels With Turbulence Promoters,Fig 4,pt 58,raw,raw,raw,raw,raw,0.5481173441673663,Blasius,Raw Data,Raw f normalized using Blasius,0.71
Heat Transfer Enhancement in Channels With Turbulence Promoters,Fig 5,pt 1,raw,raw,raw,raw,raw,0.7182847663315259,Blasius,Raw Data,Raw f normalized using Blasius,0.71
Heat Transfer Enhancement in Channels With Turbulence Promoters,Fig 5,pt 2,raw,raw,raw,raw,raw,0.7917220897644739,Blasius,Raw Data,Raw f normalized using Blasius,0.71
Heat Transfer Enhancement in Channels With Turbulence Promoters,Fig 5,pt 3,raw,raw,raw,raw,raw,0.9995498832550577,Blasius,Raw Data,Raw f normalized using Blasius,0.71
Heat Transfer Enhancement in Channels With Turbulence Promoters,Fig 5,pt 4,raw,raw,raw,raw,raw,1.0883867711420276,Blasius,Raw Data,Raw f normalized using Blasius,0.71
Heat Transfer Enhancement in Channels With Turbulence Promoters,Fig 5,pt 5,raw,raw,raw,raw,raw,1.224089718407306,Blasius,Raw Data,Raw f normalized using Blasius,0.71
Heat Transfer Enhancement in Channels With Turbulence Promoters,Fig 5,pt 6,raw,raw,raw,raw,raw,0.9841614384106208,Blasius,Raw Data,Raw f normalized using Blasius,0.71
Heat Transfer Enhancement in Channels With Turbulence Promoters,Fig 5,pt 7,raw,raw,raw,raw,raw,1.0267623202897238,Blasius,Raw Data,Raw f normalized using Blasius,0.71
Heat Transfer Enhancement in Channels With Turbulence Promoters,Fig 5,pt 8,raw,raw,raw,raw,raw,1.1666272330722898,Blasius,Raw Data,Raw f normalized using Blasius,0.71
Heat Transfer Enhancement in Channels With Turbulence Promoters,Fig 5,pt 9,raw,raw,raw,raw,raw,1.3873614061255046,Blasius,Raw Data,Raw f normalized using Blasius,0.71
Heat Transfer Enhancement in Channels With Turbulence Promoters,Fig 5,pt 10,raw,raw,raw,raw,raw,1.7030813473492954,Blasius,Raw Data,Raw f normalized using Blasius,0.71
Heat Transfer Enhancement in Channels With Turbulence Promoters,Fig 5,pt 11,raw,raw,raw,raw,raw,0.7236481164783976,Blasius,Raw Data,Raw f normalized using Blasius,0.71
Heat Transfer Enhancement in Channels With Turbulence Promoters,Fig 5,pt 12,raw,raw,raw,raw,raw,0.826144789319451,Blasius,Raw Data,Raw f normalized using Blasius,0.71
Heat Transfer Enhancement in Channels With Turbulence Promoters,Fig 5,pt 13,raw,raw,raw,raw,raw,0.9995498832550577,Blasius,Raw Data,Raw f normalized using Blasius,0.71
Heat Transfer Enhancement in Channels With Turbulence Promoters,Fig 5,pt 14,raw,raw,raw,raw,raw,1.0883867711420276,Blasius,Raw Data,Raw f normalized using Blasius,0.71
Heat Transfer Enhancement in Channels With Turbulence Promoters,Fig 5,pt 15,raw,raw,raw,raw,raw,1.224089718407306,Blasius,Raw Data,Raw f normalized using Blasius,0.71
Heat Transfer Enhancement in Channels With Turbulence Promoters,Fig 5,pt 16,raw,raw,raw,raw,raw,0.6657562671601257,Blasius,Raw Data,Raw f normalized using Blasius,0.71
Heat Transfer Enhancement in Channels With Turbulence Promoters,Fig 5,pt 17,raw,raw,raw,raw,raw,0.6303884352723351,Blasius,Raw Data,Raw f normalized using Blasius,0.71
Heat Transfer Enhancement in Channels With Turbulence Promoters,Fig 5,pt 18,raw,raw,raw,raw,raw,0.624718677034411,Blasius,Raw Data,Raw f normalized using Blasius,0.71
Heat Transfer Enhancement in Channels With Turbulence Promoters,Fig 5,pt 19,raw,raw,raw,raw,raw,0.6624962954777559,Blasius,Raw Data,Raw f normalized using Blasius,0.71
Heat Transfer Enhancement in Channels With Turbulence Promoters,Fig 5,pt 20,raw,raw,raw,raw,raw,0.6918767973606512,Blasius,Raw Data,Raw f normalized using Blasius,0.71
Heat Transfer Enhancement in Channels With Turbulence Promoters,Fig 5,pt 21,raw,raw,raw,raw,raw,0.4631347945461744,Blasius,Raw Data,Raw f normalized using Blasius,0.71
Heat Transfer Enhancement in Channels With Turbulence Promoters,Fig 5,pt 22,raw,raw,raw,raw,raw,0.4552805365855754,Blasius,Raw Data,Raw f normalized using Blasius,0.71
Heat Transfer Enhancement in Channels With Turbulence Promoters,Fig 5,pt 23,raw,raw,raw,raw,raw,0.4164791180229407,Blasius,Raw Data,Raw f normalized using Blasius,0.71
Heat Transfer Enhancement in Channels With Turbulence Promoters,Fig 5,pt 24,raw,raw,raw,raw,raw,0.42589047566427163,Blasius,Raw Data,Raw f normalized using Blasius,0.71
Heat Transfer Enhancement in Channels With Turbulence Promoters,Fig 5,pt 25,raw,raw,raw,raw,raw,0.42577033683732385,Blasius,Raw Data,Raw f normalized using Blasius,0.71
Heat Transfer Enhancement in Channels With Turbulence Promoters,Fig 9,pt 1,raw,raw,raw,raw,raw,1.4669560828436023,Blasius,Raw Data,Raw f normalized using Blasius,0.71
Heat Transfer Enhancement in Channels With Turbulence Promoters,Fig 9,pt 2,raw,raw,raw,raw,raw,2.1767735422840553,Blasius,Raw Data,Raw f normalized using Blasius,0.71
Heat Transfer Enhancement in Channels With Turbulence Promoters,Fig 9,pt 3,raw,raw,raw,raw,raw,2.1294523783213584,Blasius,Raw Data,Raw f normalized using Blasius,0.71
Heat Transfer Enhancement in Channels With Turbulence Promoters,Fig 9,pt 4,raw,raw,raw,raw,raw,1.4669560828436023,Blasius,Raw Data,Raw f normalized using Blasius,0.71
Heat Transfer Enhancement in Channels With Turbulence Promoters,Fig 9,pt 5,raw,raw,raw,raw,raw,0.8044597873658466,Blasius,Raw Data,Raw f normalized using Blasius,0.71
Heat Transfer Enhancement in Channels With Turbulence Promoters,Fig 9,pt 6,raw,raw,raw,raw,raw,0.5205328035896654,Blasius,Raw Data,Raw f normalized using Blasius,0.71
Heat Transfer Enhancement in Channels With Turbulence Promoters,Fig 9,pt 7,raw,raw,raw,raw,raw,1.0883867711420276,Blasius,Raw Data,Raw f normalized using Blasius,0.71
Heat Transfer Enhancement in Channels With Turbulence Promoters,Fig 9,pt 8,raw,raw,raw,raw,raw,1.5142772468062993,Blasius,Raw Data,Raw f normalized using Blasius,0.71
Heat Transfer Enhancement in Channels With Turbulence Promoters,Fig 9,pt 9,raw,raw,raw,raw,raw,1.0883867711420276,Blasius,Raw Data,Raw f normalized using Blasius,0.71
Heat Transfer Enhancement in Channels With Turbulence Promoters,Fig 9,pt 10,raw,raw,raw,raw,raw,0.6624962954777559,Blasius,Raw Data,Raw f normalized using Blasius,0.71
Heat Transfer Enhancement in Channels With Turbulence Promoters,Fig 9,pt 11,raw,raw,raw,raw,raw,0.42589047566427163,Blasius,Raw Data,Raw f normalized using Blasius,0.71
Heat Transfer Enhancement in Channels With Turbulence Promoters,Fig 9,pt 12,metadata,metadata,metadata,unfilled,raw,0.23660581981348425,Blasius,Raw Data,Raw f normalized using Blasius,0.71
Heat Transfer Enhancement in Channels With Turbulence Promoters,Fig 9,pt 13,raw,raw,raw,raw,raw,1.7875128299187935,Dittus-Boelert,Raw Data,Converted St to Nu: 205.9000. Raw Nu normalized using Dittus-Boelert,0.71
Heat Transfer Enhancement in Channels With Turbulence Promoters,Fig 9,pt 14,raw,raw,raw,raw,raw,2.218981444037123,Dittus-Boelert,Raw Data,Converted St to Nu: 255.6000. Raw Nu normalized using Dittus-Boelert,0.71
Heat Transfer Enhancement in Channels With Turbulence Promoters,Fig 9,pt 15,raw,raw,raw,raw,raw,2.12652388386891,Dittus-Boelert,Raw Data,Converted St to Nu: 244.9500. Raw Nu normalized using Dittus-Boelert,0.71
Heat Transfer Enhancement in Channels With Turbulence Promoters,Fig 9,pt 16,raw,raw,raw,raw,raw,2.034066323700696,Dittus-Boelert,Raw Data,Converted St to Nu: 234.3000. Raw Nu normalized using Dittus-Boelert,0.71
Heat Transfer Enhancement in Channels With Turbulence Promoters,Fig 9,pt 17,raw,raw,raw,raw,raw,1.69505526975058,Dittus-Boelert,Raw Data,Converted St to Nu: 195.2500. Raw Nu normalized using Dittus-Boelert,0.71
Heat Transfer Enhancement in Channels With Turbulence Promoters,Fig 9,pt 18,raw,raw,raw,raw,raw,0.9553947884048725,Dittus-Boelert,Raw Data,Converted St to Nu: 110.0500. Raw Nu normalized using Dittus-Boelert,0.71
Heat Transfer Enhancement in Channels With Turbulence Promoters,Fig 9,pt 19,raw,raw,raw,raw,raw,1.6334168963051043,Dittus-Boelert,Raw Data,Converted St to Nu: 188.1500. Raw Nu normalized using Dittus-Boelert,0.71
Heat Transfer Enhancement in Channels With Turbulence Promoters,Fig 9,pt 20,raw,raw,raw,raw,raw,1.7875128299187935,Dittus-Boelert,Raw Data,Converted St to Nu: 205.9000. Raw Nu normalized using Dittus-Boelert,0.71
Heat Transfer Enhancement in Channels With Turbulence Promoters,Fig 9,pt 21,raw,raw,raw,raw,raw,1.6334168963051043,Dittus-Boelert,Raw Data,Converted St to Nu: 188.1500. Raw Nu normalized using Dittus-Boelert,0.71
Heat Transfer Enhancement in Channels With Turbulence Promoters,Fig 9,pt 22,raw,raw,raw,raw,raw,1.4793209626914152,Dittus-Boelert,Raw Data,Converted St to Nu: 170.4000. Raw Nu normalized using Dittus-Boelert,0.71
Heat Transfer Enhancement in Channels With Turbulence Promoters,Fig 9,pt 23,raw,raw,raw,raw,raw,0.9245756016821346,Dittus-Boelert,Raw Data,Converted St to Nu: 106.5000. Raw Nu normalized using Dittus-Boelert,0.71
Heat Transfer Enhancement in Channels With Turbulence Promoters,Fig 9,pt 24,metadata,metadata,metadata,unfilled,raw,0.862937228236659,Dittus-Boelert,Raw Data,Converted St to Nu: 99.4000. Raw Nu normalized using Dittus-Boelert,0.71
